Age,Age,Visibility of System Status.1,Match between System and the Real World.1,User Control and Freedom.1,Consistency and Standards.1,Error Prevention.1,Recognition rather than Recall.1,Flexibility and Efficiency of Use.1,Aesthetic and Minimalist Design.1,"Help Users Recognize, Diagnose, and Recover from Errors.1",Provision of Help and Documentation.1
<25,20.5,6.5,7.166666666666667,6.166666666666667,6.833333333333333,5.333333333333333,6.666666666666667,6.0,6.833333333333333,6.166666666666667,6.5
25-30,27.0,5.666666666666667,5.0,5.666666666666667,6.0,5.666666666666667,5.666666666666667,6.0,5.333333333333333,4.666666666666667,5.0
30-35,35.0,7.0,7.0,7.0,6.0,8.0,7.0,6.0,6.0,7.0,7.0
35+,52.7,4.4,4.9,4.2,4.7,4.6,3.9,4.8,4.6,4.5,4.9
